stock_code,stock_name,market,industry_category
1101,台泥,上市,水泥工業
1102,亞泥,上市,水泥工業
1103,嘉泥,上市,水泥工業
1104,環泥,上市,水泥工業
1108,幸福,上市,水泥工業
1109,信大,上市,水泥工業
1110,東泥,上市,水泥工業
1201,味全,上市,食品工業
1203,味王,上市,食品工業
1210,大成,上市,食品工業
1213,大飲,上市,食品工業
1215,卜蜂,上市,食品工業
1216,統一,上市,食品工業
1217,愛之味,上市,食品工業
1218,泰山,上市,食品工業
1219,福壽,上市,食品工業
1220,台榮,上市,食品工業
1225,福懋油,上市,食品工業
1227,佳格,上市,食品工業
1229,聯華,上市,食品工業
1231,聯華食,上市,食品工業
1232,大統益,上市,食品工業
1233,天仁,上市,食品工業
1234,黑松,上市,食品工業
1235,興泰,上市,食品工業
1236,宏亞,上市,食品工業
1256,鮮活果汁-KY,上市,食品工業
1301,台塑,上市,塑膠工業
1303,南亞,上市,塑膠工業
1304,台聚,上市,塑膠工業
1305,華夏,上市,塑膠工業
1307,三芳,上市,塑膠工業
1308,亞聚,上市,塑膠工業
1309,台達化,上市,塑膠工業
1310,台苯,上市,塑膠工業
1312,國喬,上市,塑膠工業
1313,聯成,上市,塑膠工業
1314,中石化,上市,塑膠工業
1315,達新,上市,塑膠工業
1316,上曜,上市,建材營造業
1319,東陽,上市,汽車工業
1321,大洋,上市,塑膠工業
1323,永裕,上市,塑膠工業
1324,地球,上市,塑膠工業
1325,恆大,上市,塑膠工業
1326,台化,上市,塑膠工業
1337,再生-KY,上市,塑膠工業
1338,廣華-KY,上市,汽車工業
1339,昭輝,上市,汽車工業
1340,勝悅-KY,上市,塑膠工業
1341,富林-KY,上市,塑膠工業
1342,八貫,上市,其他業
1402,遠東新,上市,紡織纖維
1409,新纖,上市,紡織纖維
1410,南染,上市,紡織纖維
1413,宏洲,上市,紡織纖維
1414,東和,上市,紡織纖維
1416,廣豐,上市,其他業
1417,嘉裕,上市,紡織纖維
1418,東華,上市,紡織纖維
1419,新紡,上市,紡織纖維
1423,利華,上市,紡織纖維
1432,大魯閣,上市,運動休閒
1434,福懋,上市,紡織纖維
1435,中福,上市,其他業
1436,華友聯,上市,建材營造業
1437,勤益控,上市,其他業
1438,三地開發,上市,建材營造業
1439,雋揚,上市,建材營造業
1440,南紡,上市,紡織纖維
1441,大東,上市,紡織纖維
1442,名軒,上市,建材營造業
1443,立益物流,上市,其他業
1444,力麗,上市,紡織纖維
1445,大宇,上市,紡織纖維
1446,宏和,上市,紡織纖維
1447,力鵬,上市,紡織纖維
1449,佳和,上市,紡織纖維
1451,年興,上市,紡織纖維
1452,宏益,上市,紡織纖維
1453,大將,上市,建材營造業
1454,台富,上市,紡織纖維
1455,集盛,上市,紡織纖維
1456,怡華,上市,建材營造業
1457,宜進,上市,紡織纖維
1459,聯發,上市,紡織纖維
1460,宏遠,上市,紡織纖維
1463,強盛,上市,紡織纖維
1464,得力,上市,紡織纖維
1465,偉全,上市,紡織纖維
1466,聚隆,上市,紡織纖維
1467,南緯,上市,紡織纖維
1468,昶和,上市,紡織纖維
1470,大統新創,上市,紡織纖維
1471,首利,上市,電子零組件業
1472,三洋實業,上市,建材營造業
1473,台南,上市,紡織纖維
1474,弘裕,上市,紡織纖維
1475,業旺,上市,紡織纖維
1476,儒鴻,上市,紡織纖維
1477,聚陽,上市,紡織纖維
1503,士電,上市,電機機械
1504,東元,上市,電機機械
1506,正道,上市,電機機械
1512,瑞利,上市,汽車工業
1513,中興電,上市,電機機械
1514,亞力,上市,電機機械
1515,力山,上市,電機機械
1516,川飛,上市,其他業
1517,利奇,上市,電機機械
1519,華城,上市,電機機械
1521,大億,上市,汽車工業
1522,堤維西,上市,汽車工業
1524,耿鼎,上市,汽車工業
1525,江申,上市,汽車工業
1526,日馳,上市,電機機械
1527,鑽全,上市,電機機械
1528,恩德,上市,電機機械
1529,樂事綠能,上市,電機機械
1530,亞崴,上市,電機機械
1531,高林股,上市,電機機械
1532,勤美,上市,電機機械
1533,車王電,上市,汽車工業
1535,中宇,上市,電機機械
1536,和大,上市,汽車工業
1537,廣隆,上市,電機機械
1538,正峰,上市,電機機械
1539,巨庭,上市,電機機械
1540,喬福,上市,電機機械
1541,錩泰,上市,電機機械
1558,伸興,上市,電機機械
1560,中砂,上市,電機機械
1563,巧新,上市,汽車工業
1568,倉佑,上市,汽車工業
1582,信錦,上市,電子零組件業
1583,程泰,上市,電機機械
1587,吉茂,上市,汽車工業
1589,永冠-KY,上市,電機機械
1590,亞德客-KY,上市,電機機械
1597,直得,上市,電機機械
1598,岱宇,上市,運動休閒
1603,華電,上市,電器電纜
1604,聲寶,上市,電器電纜
1605,華新,上市,電器電纜
1608,華榮,上市,電器電纜
1609,大亞,上市,電器電纜
1611,中電,上市,電器電纜
1612,宏泰,上市,電器電纜
1614,三洋電,上市,電器電纜
1615,大山,上市,電器電纜
1616,億泰,上市,電器電纜
1617,榮星,上市,電器電纜
1618,合機,上市,電器電纜
1626,艾美特-KY,上市,電器電纜
1701,中化,上市,生技醫療業
1702,南僑,上市,食品工業
1707,葡萄王,上市,生技醫療業
1708,東鹼,上市,化學工業
1709,和益,上市,化學工業
1710,東聯,上市,化學工業
1711,永光,上市,化學工業
1712,興農,上市,化學工業
1713,國化,上市,化學工業
1714,和桐,上市,化學工業
1717,長興,上市,化學工業
1718,中纖,上市,化學工業
1720,生達,上市,生技醫療業
1721,三晃,上市,化學工業
1722,台肥,上市,化學工業
1723,中碳,上市,化學工業
1725,元禎,上市,化學工業
1726,永記,上市,化學工業
1727,中華化,上市,化學工業
1730,花仙子,上市,化學工業
1731,美吾華,上市,生技醫療業
1732,毛寶,上市,化學工業
1733,五鼎,上市,生技醫療業
1734,杏輝,上市,生技醫療業
1735,日勝化,上市,化學工業
1736,喬山,上市,運動休閒
1737,臺鹽,上市,食品工業
1752,南光,上市,生技醫療業
1760,寶齡富錦,上市,生技醫療業
1762,中化生,上市,生技醫療業
1773,勝一,上市,化學工業
1776,展宇,上市,化學工業
1783,和康生,上市,生技醫療業
1786,科妍,上市,生技醫療業
1789,神隆,上市,生技醫療業
1795,美時,上市,生技醫療業
1802,台玻,上市,玻璃陶瓷
1805,寶徠,上市,建材營造業
1806,冠軍,上市,玻璃陶瓷
1808,潤隆,上市,建材營造業
1809,中釉,上市,玻璃陶瓷
1810,和成,上市,玻璃陶瓷
1817,凱撒衛,上市,玻璃陶瓷
1903,士紙,上市,造紙工業
1904,正隆,上市,造紙工業
1905,華紙,上市,造紙工業
1906,寶隆,上市,造紙工業
1907,永豐餘,上市,造紙工業
1909,榮成,上市,造紙工業
2002,中鋼,上市,鋼鐵工業
2006,東和鋼鐵,上市,鋼鐵工業
2007,燁興,上市,鋼鐵工業
2008,高興昌,上市,鋼鐵工業
2009,第一銅,上市,鋼鐵工業
2010,春源,上市,鋼鐵工業
2012,春雨,上市,鋼鐵工業
2013,中鋼構,上市,鋼鐵工業
2014,中鴻,上市,鋼鐵工業
2015,豐興,上市,鋼鐵工業
2017,官田鋼,上市,鋼鐵工業
2020,美亞,上市,鋼鐵工業
2022,聚亨,上市,鋼鐵工業
2023,燁輝,上市,鋼鐵工業
2024,志聯,上市,鋼鐵工業
2025,千興,上市,鋼鐵工業
2027,大成鋼,上市,鋼鐵工業
2028,威致,上市,鋼鐵工業
2029,盛餘,上市,鋼鐵工業
2030,彰源,上市,鋼鐵工業
2031,新光鋼,上市,鋼鐵工業
2032,新鋼,上市,鋼鐵工業
2033,佳大,上市,鋼鐵工業
2034,允強,上市,鋼鐵工業
2038,海光,上市,鋼鐵工業
2049,上銀,上市,電機機械
2059,川湖,上市,電子零組件業
2062,橋椿,上市,居家生活
2069,運錩,上市,鋼鐵工業
2101,南港,上市,橡膠工業
2102,泰豐,上市,橡膠工業
2103,台橡,上市,橡膠工業
2104,國際中橡,上市,橡膠工業
2105,正新,上市,橡膠工業
2106,建大,上市,橡膠工業
2107,厚生,上市,橡膠工業
2108,南帝,上市,橡膠工業
2109,華豐,上市,橡膠工業
2114,鑫永銓,上市,橡膠工業
2115,六暉-KY,上市,汽車工業
2201,裕隆,上市,汽車工業
2204,中華,上市,汽車工業
2206,三陽工業,上市,汽車工業
2207,和泰車,上市,汽車工業
2208,台船,上市,航運業
2211,長榮鋼,上市,鋼鐵工業
2227,裕日車,上市,汽車工業
2228,劍麟,上市,汽車工業
2231,為升,上市,汽車工業
2233,宇隆,上市,汽車工業
2236,百達-KY,上市,汽車工業
2239,英利-KY,上市,汽車工業
2241,艾姆勒,上市,汽車工業
2243,宏旭-KY,上市,汽車工業
2247,汎德永業,上市,汽車工業
2250,IKKA-KY,上市,汽車工業
2301,光寶科,上市,電腦及週邊設備業
2302,麗正,上市,半導體業
2303,聯電,上市,半導體業
2305,全友,上市,電腦及週邊設備業
2308,台達電,上市,電子零組件業
2312,金寶,上市,其他電子業
2313,華通,上市,電子零組件業
2314,台揚,上市,通信網路業
2316,楠梓電,上市,電子零組件業
2317,鴻海,上市,其他電子業
2321,東訊,上市,通信網路業
2323,中環,上市,光電業
2324,仁寶,上市,電腦及週邊設備業
2327,國巨,上市,電子零組件業
2328,廣宇,上市,電子零組件業
2329,華泰,上市,半導體業
2330,台積電,上市,半導體業
2331,精英,上市,電腦及週邊設備業
2332,友訊,上市,通信網路業
2337,旺宏,上市,半導體業
2338,光罩,上市,半導體業
2340,台亞,上市,半導體業
2342,茂矽,上市,半導體業
2344,華邦電,上市,半導體業
2345,智邦,上市,通信網路業
2347,聯強,上市,電子通路業
2348,海悅,上市,其他業
2349,錸德,上市,光電業
2351,順德,上市,半導體業
2352,佳世達,上市,電腦及週邊設備業
2353,宏碁,上市,電腦及週邊設備業
2354,鴻準,上市,其他電子業
2355,敬鵬,上市,電子零組件業
2356,英業達,上市,電腦及週邊設備業
2357,華碩,上市,電腦及週邊設備業
2358,廷鑫,上市,其他業
2359,所羅門,上市,其他電子業
2360,致茂,上市,其他電子業
2362,藍天,上市,電腦及週邊設備業
2363,矽統,上市,半導體業
2364,倫飛,上市,電腦及週邊設備業
2365,昆盈,上市,電腦及週邊設備業
2367,燿華,上市,電子零組件業
2368,金像電,上市,電子零組件業
2369,菱生,上市,半導體業
2371,大同,上市,電機機械
2373,震旦行,上市,其他電子業
2374,佳能,上市,光電業
2375,凱美,上市,電子零組件業
2376,技嘉,上市,電腦及週邊設備業
2377,微星,上市,電腦及週邊設備業
2379,瑞昱,上市,半導體業
2380,虹光,上市,電腦及週邊設備業
2382,廣達,上市,電腦及週邊設備業
2383,台光電,上市,電子零組件業
2385,群光,上市,電子零組件業
2387,精元,上市,電腦及週邊設備業
2388,威盛,上市,半導體業
2390,云辰,上市,其他電子業
2392,正崴,上市,電子零組件業
2393,億光,上市,光電業
2395,研華,上市,電腦及週邊設備業
2397,友通,上市,電腦及週邊設備業
2399,映泰,上市,電腦及週邊設備業
2401,凌陽,上市,半導體業
2402,毅嘉,上市,電子零組件業
2404,漢唐,上市,其他電子業
2405,輔信,上市,電腦及週邊設備業
2406,國碩,上市,光電業
2408,南亞科,上市,半導體業
2409,友達,上市,光電業
2412,中華電,上市,通信網路業
2413,環科,上市,電子零組件業
2414,精技,上市,電子通路業
2415,錩新,上市,電子零組件業
2417,圓剛,上市,電腦及週邊設備業
2419,仲琦,上市,通信網路業
2420,新巨,上市,電子零組件業
2421,建準,上市,電子零組件業
2423,固緯,上市,其他電子業
2424,隴華,上市,通信網路業
2425,承啟,上市,電腦及週邊設備業
2426,鼎元,上市,光電業
2427,三商電,上市,資訊服務業
2428,興勤,上市,電子零組件業
2429,銘旺科,上市,光電業
2430,燦坤,上市,電子通路業
2431,聯昌,上市,電子零組件業
2433,互盛電,上市,其他電子業
2434,統懋,上市,半導體業
2436,偉詮電,上市,半導體業
2438,翔耀,上市,光電業
2439,美律,上市,通信網路業
2440,太空梭,上市,電子零組件業
2441,超豐,上市,半導體業
2442,新美齊,上市,建材營造業
2443,昶虹,上市,其他業
2444,兆勁,上市,通信網路業
2449,京元電子,上市,半導體業
2450,神腦,上市,通信網路業
2451,創見,上市,半導體業
2453,凌群,上市,資訊服務業
2454,聯發科,上市,半導體業
2455,全新,上市,通信網路業
2457,飛宏,上市,電子零組件業
2458,義隆,上市,半導體業
2459,敦吉,上市,其他電子業
2460,建通,上市,電子零組件業
2461,光群雷,上市,其他電子業
2462,良得電,上市,電子零組件業
2464,盟立,上市,其他電子業
2465,麗臺,上市,電腦及週邊設備業
2466,冠西電,上市,光電業
2467,志聖,上市,電子零組件業
2468,華經,上市,資訊服務業
2471,資通,上市,資訊服務業
2472,立隆電,上市,電子零組件業
2474,可成,上市,其他電子業
2476,鉅祥,上市,電子零組件業
2477,美隆電,上市,其他電子業
2478,大毅,上市,電子零組件業
2480,敦陽科,上市,資訊服務業
2481,強茂,上市,半導體業
2482,連宇,上市,其他電子業
2483,百容,上市,電子零組件業
2484,希華,上市,電子零組件業
2485,兆赫,上市,通信網路業
2486,一詮,上市,光電業
2488,漢平,上市,其他電子業
2489,瑞軒,上市,光電業
2491,吉祥全,上市,光電業
2492,華新科,上市,電子零組件業
2493,揚博,上市,電子零組件業
2495,普安,上市,電腦及週邊設備業
2496,卓越,上市,其他業
2497,怡利電,上市,汽車工業
2498,宏達電,上市,通信網路業
2501,國建,上市,建材營造業
2504,國產,上市,建材營造業
2505,國揚,上市,建材營造業
2506,太設,上市,建材營造業
2509,全坤建,上市,建材營造業
2511,太子,上市,建材營造業
2514,龍邦,上市,其他業
2515,中工,上市,建材營造業
2516,新建,上市,建材營造業
2520,冠德,上市,建材營造業
2524,京城,上市,建材營造業
2527,宏璟,上市,建材營造業
2528,皇普,上市,建材營造業
2530,華建,上市,建材營造業
2534,宏盛,上市,建材營造業
2535,達欣工,上市,建材營造業
2536,宏普,上市,建材營造業
2537,聯上發,上市,建材營造業
2538,基泰,上市,建材營造業
2539,櫻花建,上市,建材營造業
2540,愛山林,上市,建材營造業
2542,興富發,上市,建材營造業
2543,皇昌,上市,建材營造業
2545,皇翔,上市,建材營造業
2546,根基,上市,建材營造業
2547,日勝生,上市,建材營造業
2548,華固,上市,建材營造業
2597,潤弘,上市,建材營造業
2601,益航,上市,貿易百貨業
2603,長榮,上市,航運業
2605,新興,上市,航運業
2606,裕民,上市,航運業
2607,榮運,上市,航運業
2608,嘉里大榮,上市,航運業
2609,陽明,上市,航運業
2610,華航,上市,航運業
2611,志信,上市,航運業
2612,中航,上市,航運業
2613,中櫃,上市,航運業
2614,東森,上市,其他業
2615,萬海,上市,航運業
2616,山隆,上市,油電燃氣業
2617,台航,上市,航運業
2618,長榮航,上市,航運業
2630,亞航,上市,航運業
2633,台灣高鐵,上市,航運業
2634,漢翔,上市,航運業
2636,台驊投控,上市,航運業
2637,慧洋-KY,上市,航運業
2642,宅配通,上市,航運業
2645,長榮航太,上市,航運業
2701,萬企,上市,觀光餐旅
2702,華園,上市,觀光餐旅
2704,國賓,上市,觀光餐旅
2705,六福,上市,觀光餐旅
2706,第一店,上市,觀光餐旅
2707,晶華,上市,觀光餐旅
2712,遠雄來,上市,觀光餐旅
2722,夏都,上市,觀光餐旅
2723,美食-KY,上市,觀光餐旅
2727,王品,上市,觀光餐旅
2731,雄獅,上市,觀光餐旅
2739,寒舍,上市,觀光餐旅
2748,雲品,上市,觀光餐旅
2753,八方雲集,上市,觀光餐旅
2762,世界健身-KY,上市,運動休閒
2801,彰銀,上市,金融保險業
2809,京城銀,上市,金融保險業
2812,台中銀,上市,金融保險業
2816,旺旺保,上市,金融保險業
2820,華票,上市,金融保險業
2832,台產,上市,金融保險業
2834,臺企銀,上市,金融保險業
2836,高雄銀,上市,金融保險業
2838,聯邦銀,上市,金融保險業
2845,遠東銀,上市,金融保險業
2849,安泰銀,上市,金融保險業
2850,新產,上市,金融保險業
2851,中再保,上市,金融保險業
2852,第一保,上市,金融保險業
2855,統一證,上市,金融保險業
2867,三商壽,上市,金融保險業
2880,華南金,上市,金融保險業
2881,富邦金,上市,金融保險業
2882,國泰金,上市,金融保險業
2883,開發金,上市,金融保險業
2884,玉山金,上市,金融保險業
2885,元大金,上市,金融保險業
2886,兆豐金,上市,金融保險業
2887,台新金,上市,金融保險業
2888,新光金,上市,金融保險業
2889,國票金,上市,金融保險業
2890,永豐金,上市,金融保險業
2891,中信金,上市,金融保險業
2892,第一金,上市,金融保險業
2897,王道銀行,上市,金融保險業
2901,欣欣,上市,貿易百貨業
2903,遠百,上市,貿易百貨業
2904,匯僑,上市,其他業
2905,三商,上市,貿易百貨業
2906,高林,上市,貿易百貨業
2908,特力,上市,貿易百貨業
2910,統領,上市,貿易百貨業
2911,麗嬰房,上市,貿易百貨業
2912,統一超,上市,貿易百貨業
2913,農林,上市,貿易百貨業
2915,潤泰全,上市,貿易百貨業
2923,鼎固-KY,上市,建材營造業
2929,淘帝-KY,上市,貿易百貨業
2939,凱羿-KY,上市,貿易百貨業
2945,三商家購,上市,貿易百貨業
3002,歐格,上市,電腦及週邊設備業
3003,健和興,上市,電子零組件業
3004,豐達科,上市,鋼鐵工業
3005,神基,上市,電腦及週邊設備業
3006,晶豪科,上市,半導體業
3008,大立光,上市,光電業
3010,華立,上市,電子通路業
3011,今皓,上市,電子零組件業
3013,晟銘電,上市,電腦及週邊設備業
3014,聯陽,上市,半導體業
3015,全漢,上市,電子零組件業
3016,嘉晶,上市,半導體業
3017,奇鋐,上市,電腦及週邊設備業
3018,隆銘綠能,上市,其他電子業
3019,亞光,上市,光電業
3021,鴻名,上市,電子零組件業
3022,威強電,上市,電腦及週邊設備業
3023,信邦,上市,電子零組件業
3024,憶聲,上市,光電業
3025,星通,上市,通信網路業
3026,禾伸堂,上市,電子零組件業
3027,盛達,上市,通信網路業
3028,增你強,上市,電子通路業
3029,零壹,上市,資訊服務業
3030,德律,上市,其他電子業
3031,佰鴻,上市,光電業
3032,偉訓,上市,電子零組件業
3033,威健,上市,電子通路業
3034,聯詠,上市,半導體業
3035,智原,上市,半導體業
3036,文曄,上市,電子通路業
3037,欣興,上市,電子零組件業
3038,全台,上市,光電業
3040,遠見,上市,其他業
3041,揚智,上市,半導體業
3042,晶技,上市,電子零組件業
3043,科風,上市,其他電子業
3044,健鼎,上市,電子零組件業
3045,台灣大,上市,通信網路業
3046,建碁,上市,電腦及週邊設備業
3047,訊舟,上市,通信網路業
3048,益登,上市,電子通路業
3049,精金,上市,光電業
3050,鈺德,上市,光電業
3051,力特,上市,光電業
3052,夆典,上市,建材營造業
3054,立萬利,上市,食品工業
3055,蔚華科,上市,電子通路業
3056,富華新,上市,建材營造業
3057,喬鼎,上市,電腦及週邊設備業
3058,立德,上市,電子零組件業
3059,華晶科,上市,光電業
3060,銘異,上市,電腦及週邊設備業
3062,建漢,上市,通信網路業
3090,日電貿,上市,電子零組件業
3092,鴻碩,上市,電子零組件業
3094,聯傑,上市,半導體業
3130,一零四,上市,數位雲端
3138,耀登,上市,通信網路業
3149,正達,上市,光電業
3164,景岳,上市,生技醫療業
3167,大量,上市,電機機械
3168,眾福科,上市,光電業
3189,景碩,上市,半導體業
3209,全科,上市,電子通路業
3229,晟鈦,上市,電子零組件業
3231,緯創,上市,電腦及週邊設備業
3257,虹冠電,上市,半導體業
3266,昇陽,上市,建材營造業
3296,勝德,上市,電子零組件業
3305,昇貿,上市,其他電子業
3308,聯德,上市,電子零組件業
3311,閎暉,上市,通信網路業
3312,弘憶股,上市,電子通路業
3321,同泰,上市,電子零組件業
3338,泰碩,上市,電子零組件業
3346,麗清,上市,汽車工業
3356,奇偶,上市,光電業
3376,新日興,上市,電子零組件業
3380,明泰,上市,通信網路業
3406,玉晶光,上市,光電業
3413,京鼎,上市,半導體業
3416,融程電,上市,電腦及週邊設備業
3419,譁裕,上市,通信網路業
3432,台端,上市,電子零組件業
3437,榮創,上市,光電業
3443,創意,上市,半導體業
3447,展達,上市,通信網路業
3450,聯鈞,上市,半導體業
3454,晶睿,上市,光電業
3481,群創,上市,光電業
3494,誠研,上市,電腦及週邊設備業
3501,維熹,上市,電子零組件業
3504,揚明光,上市,光電業
3515,華擎,上市,電腦及週邊設備業
3518,柏騰,上市,其他電子業
3528,安馳,上市,電子通路業
3530,晶相光,上市,半導體業
3532,台勝科,上市,半導體業
3533,嘉澤,上市,電子零組件業
3535,晶彩科,上市,光電業
3543,州巧,上市,光電業
3545,敦泰,上市,半導體業
3550,聯穎,上市,電子零組件業
3557,嘉威,上市,居家生活
3563,牧德,上市,光電業
3576,聯合再生,上市,光電業
3583,辛耘,上市,半導體業
3588,通嘉,上市,半導體業
3591,艾笛森,上市,光電業
3592,瑞鼎,上市,半導體業
3593,力銘,上市,電子零組件業
3596,智易,上市,通信網路業
3605,宏致,上市,電子零組件業
3607,谷崧,上市,電子零組件業
3617,碩天,上市,其他電子業
3622,洋華,上市,光電業
3645,達邁,上市,電子零組件業
3652,精聯,上市,電腦及週邊設備業
3653,健策,上市,電子零組件業
3661,世芯-KY,上市,半導體業
3665,貿聯-KY,上市,其他電子業
3669,圓展,上市,通信網路業
3673,TPK-KY,上市,光電業
3679,新至陞,上市,電子零組件業
3686,達能,上市,半導體業
3694,海華,上市,通信網路業
3701,大眾控,上市,電腦及週邊設備業
3702,大聯大,上市,電子通路業
3703,欣陸,上市,建材營造業
3704,合勤控,上市,通信網路業
3705,永信,上市,生技醫療業
3706,神達,上市,電腦及週邊設備業
3708,上緯投控,上市,綠能環保
3711,日月光投控,上市,半導體業
3712,永崴投控,上市,電腦及週邊設備業
3714,富采,上市,光電業
3715,定穎投控,上市,電子零組件業
4104,佳醫,上市,生技醫療業
4106,雃博,上市,生技醫療業
4108,懷特,上市,生技醫療業
4119,旭富,上市,生技醫療業
4133,亞諾法,上市,生技醫療業
4137,麗豐-KY,上市,生技醫療業
4142,國光生,上市,生技醫療業
4148,全宇生技-KY,上市,生技醫療業
4155,訊映,上市,生技醫療業
4164,承業醫,上市,生技醫療業
4190,佐登-KY,上市,生技醫療業
4306,炎洲,上市,塑膠工業
4414,如興,上市,紡織纖維
4426,利勤,上市,紡織纖維
4438,廣越,上市,紡織纖維
4439,冠星-KY,上市,紡織纖維
4440,宜新實業,上市,紡織纖維
4526,東台,上市,電機機械
4532,瑞智,上市,電機機械
4536,拓凱,上市,運動休閒
4540,全球傳動,上市,電機機械
4545,銘鈺,上市,電子零組件業
4551,智伸科,上市,汽車工業
4552,力達-KY,上市,電機機械
4555,氣立,上市,電機機械
4557,永新-KY,上市,汽車工業
4560,強信-KY,上市,電機機械
4562,穎漢,上市,電機機械
4564,元翎,上市,電機機械
4566,時碩工業,上市,電機機械
4569,六方科-KY,上市,汽車工業
4571,鈞興-KY,上市,電機機械
4572,駐龍,上市,電機機械
4576,大銀微系統,上市,電機機械
4581,光隆精密-KY,上市,汽車工業
4583,台灣精銳,上市,電機機械
4588,玖鼎電力,上市,其他電子業
4720,德淵,上市,化學工業
4722,國精化,上市,化學工業
4736,泰博,上市,生技醫療業
4737,華廣,上市,生技醫療業
4739,康普,上市,化學工業
4746,台耀,上市,生技醫療業
4755,三福化,上市,化學工業
4763,材料-KY,上市,化學工業
4764,雙鍵,上市,化學工業
4766,南寶,上市,化學工業
4770,上品,上市,化學工業
4771,望隼,上市,生技醫療業
4807,日成-KY,上市,貿易百貨業
4904,遠傳,上市,通信網路業
4906,正文,上市,通信網路業
4912,聯德控股-KY,上市,電子零組件業
4915,致伸,上市,電子零組件業
4916,事欣科,上市,電腦及週邊設備業
4919,新唐,上市,半導體業
4927,泰鼎-KY,上市,電子零組件業
4930,燦星網,上市,電器電纜
4934,太極,上市,光電業
4935,茂林-KY,上市,光電業
4938,和碩,上市,電腦及週邊設備業
4942,嘉彰,上市,光電業
4943,康控-KY,上市,電子零組件業
4949,有成精密,上市,光電業
4952,凌通,上市,半導體業
4956,光鋐,上市,光電業
4958,臻鼎-KY,上市,電子零組件業
4960,誠美材,上市,光電業
4961,天鈺,上市,半導體業
4967,十銓,上市,半導體業
4968,立積,上市,半導體業
4976,佳凌,上市,光電業
4977,眾達-KY,上市,通信網路業
4989,榮科,上市,電子零組件業
4994,傳奇,上市,資訊服務業
4999,鑫禾,上市,電子零組件業
5007,三星,上市,鋼鐵工業
5203,訊連,上市,資訊服務業
5215,科嘉-KY,上市,電腦及週邊設備業
5222,全訊,上市,半導體業
5225,東科-KY,上市,其他電子業
5234,達興材料,上市,光電業
5243,乙盛-KY,上市,光電業
5244,弘凱,上市,光電業
5258,虹堡,上市,電腦及週邊設備業
5269,祥碩,上市,半導體業
5283,禾聯碩,上市,電器電纜
5284,jpp-KY,上市,其他業
5285,界霖,上市,半導體業
5288,豐祥-KY,上市,電機機械
5292,華懋,上市,綠能環保
5306,桂盟,上市,運動休閒
5388,中磊,上市,通信網路業
5434,崇越,上市,電子通路業
5469,瀚宇博,上市,電子零組件業
5471,松翰,上市,半導體業
5484,慧友,上市,光電業
5515,建國,上市,建材營造業
5519,隆大,上市,建材營造業
5521,工信,上市,建材營造業
5522,遠雄,上市,建材營造業
5525,順天,上市,建材營造業
5531,鄉林,上市,建材營造業
5533,皇鼎,上市,建材營造業
5534,長虹,上市,建材營造業
5538,東明-KY,上市,鋼鐵工業
5546,永固-KY,上市,建材營造業
5607,遠雄港,上市,航運業
5608,四維航,上市,航運業
5706,鳳凰,上市,觀光餐旅
5871,中租-KY,上市,其他業
5876,上海商銀,上市,金融保險業
5880,合庫金,上市,金融保險業
5906,台南-KY,上市,貿易百貨業
5907,大洋-KY,上市,貿易百貨業
6005,群益證,上市,金融保險業
6024,群益期,上市,金融保險業
6108,競國,上市,電子零組件業
6112,邁達特,上市,資訊服務業
6115,鎰勝,上市,電子零組件業
6116,彩晶,上市,光電業
6117,迎廣,上市,電腦及週邊設備業
6120,達運,上市,光電業
6128,上福,上市,電腦及週邊設備業
6133,金橋,上市,電子零組件業
6136,富爾特,上市,通信網路業
6139,亞翔,上市,其他電子業
6141,柏承,上市,電子零組件業
6142,友勁,上市,通信網路業
6152,百一,上市,通信網路業
6153,嘉聯益,上市,電子零組件業
6155,鈞寶,上市,電子零組件業
6164,華興,上市,光電業
6165,浪凡,上市,數位雲端
6166,凌華,上市,電腦及週邊設備業
6168,宏齊,上市,光電業
6176,瑞儀,上市,光電業
6177,達麗,上市,建材營造業
6183,關貿,上市,資訊服務業
6184,大豐電,上市,其他業
6189,豐藝,上市,電子通路業
6191,精成科,上市,電子零組件業
6192,巨路,上市,其他電子業
6196,帆宣,上市,其他電子業
6197,佳必琪,上市,電子零組件業
6201,亞弘電,上市,其他電子業
6202,盛群,上市,半導體業
6205,詮欣,上市,電子零組件業
6206,飛捷,上市,電腦及週邊設備業
6209,今國光,上市,光電業
6213,聯茂,上市,電子零組件業
6214,精誠,上市,資訊服務業
6215,和椿,上市,其他電子業
6216,居易,上市,通信網路業
6224,聚鼎,上市,電子零組件業
6225,天瀚,上市,光電業
6226,光鼎,上市,光電業
6230,尼得科超眾,上市,電腦及週邊設備業
6235,華孚,上市,電腦及週邊設備業
6239,力成,上市,半導體業
6243,迅杰,上市,半導體業
6257,矽格,上市,半導體業
6269,台郡,上市,電子零組件業
6271,同欣電,上市,半導體業
6277,宏正,上市,電腦及週邊設備業
6278,台表科,上市,光電業
6281,全國電,上市,電子通路業
6282,康舒,上市,電子零組件業
6283,淳安,上市,其他電子業
6285,啟碁,上市,通信網路業
6288,聯嘉,上市,汽車工業
6405,悅城,上市,光電業
6409,旭隼,上市,其他電子業
6412,群電,上市,電子零組件業
6414,樺漢,上市,電腦及週邊設備業
6415,矽力*-KY,上市,半導體業
6416,瑞祺電通,上市,通信網路業
6426,統新,上市,通信網路業
6431,光麗-KY,上市,生技醫療業
6438,迅得,上市,其他電子業
6442,光聖,上市,通信網路業
6443,元晶,上市,光電業
6446,藥華藥,上市,生技醫療業
6449,鈺邦,上市,電子零組件業
6451,訊芯-KY,上市,半導體業
6456,GIS-KY,上市,光電業
6464,台數科,上市,其他業
6472,保瑞,上市,生技醫療業
6477,安集,上市,光電業
6491,晶碩,上市,生技醫療業
6504,南六,上市,其他業
6505,台塑化,上市,油電燃氣業
6515,穎崴,上市,半導體業
6525,捷敏-KY,上市,半導體業
6526,達發,上市,半導體業
6531,愛普*,上市,半導體業
6533,晶心科,上市,半導體業
6541,泰福-KY,上市,生技醫療業
6550,北極星藥業-KY,上市,生技醫療業
6552,易華電,上市,半導體業
6558,興能高,上市,其他電子業
6573,虹揚-KY,上市,半導體業
6579,研揚,上市,電腦及週邊設備業
6581,鋼聯,上市,綠能環保
6582,申豐,上市,橡膠工業
6585,鼎基,上市,其他業
6591,動力-KY,上市,電腦及週邊設備業
6592,和潤企業,上市,其他業
6598,ABC-KY,上市,生技醫療業
6605,帝寶,上市,汽車工業
6606,建德工業,上市,電機機械
6625,必應,上市,其他業
6641,基士德-KY,上市,綠能環保
6655,科定,上市,其他業
6657,華安,上市,生技醫療業
6658,聯策,上市,其他電子業
6666,羅麗芬-KY,上市,生技醫療業
6668,中揚光,上市,光電業
6669,緯穎,上市,電腦及週邊設備業
6670,復盛應用,上市,運動休閒
6671,三能-KY,上市,居家生活
6672,騰輝電子-KY,上市,電子零組件業
6674,鋐寶科技,上市,通信網路業
6689,伊雲谷,上市,數位雲端
6691,洋基工程,上市,其他電子業
6695,芯鼎,上市,半導體業
6698,旭暉應材,上市,其他電子業
6706,惠特,上市,光電業
6715,嘉基,上市,電子零組件業
6719,力智,上市,半導體業
6742,澤米,上市,光電業
6743,安普新,上市,其他電子業
6753,龍德造船,上市,航運業
6754,匯僑設計,上市,居家生活
6756,威鋒電子,上市,半導體業
6768,志強-KY,上市,運動休閒
6770,力積電,上市,半導體業
6776,展碁國際,上市,電子通路業
6781,AES-KY,上市,電子零組件業
6782,視陽,上市,生技醫療業
6789,采鈺,上市,半導體業
6790,永豐實,上市,造紙工業
6792,詠業,上市,通信網路業
6796,晉弘,上市,生技醫療業
6799,來頡,上市,半導體業
6805,富世達,上市,電子零組件業
6806,森崴能源,上市,綠能環保
6807,峰源-KY,上市,居家生活
6830,汎銓,上市,其他電子業
6834,天二科技,上市,電子零組件業
6835,圓裕,上市,電子零組件業
6861,睿生光電,上市,生技醫療業
6863,永道-KY,上市,通信網路業
6901,鑽石投資,上市,其他業
6906,現觀科,上市,數位雲端
6914,阜爾運通,上市,其他業
6916,華凌,上市,光電業
6928,攸泰科技,上市,電腦及週邊設備業
6933,AMAX-KY,上市,電腦及週邊設備業
6937,天虹,上市,半導體業
8011,台通,上市,通信網路業
8016,矽創,上市,半導體業
8021,尖點,上市,其他電子業
8028,昇陽半導體,上市,半導體業
8033,雷虎,上市,其他業
8039,台虹,上市,電子零組件業
8046,南電,上市,電子零組件業
8070,長華*,上市,電子通路業
8072,陞泰,上市,電子通路業
8081,致新,上市,半導體業
8101,華冠,上市,通信網路業
8103,瀚荃,上市,電子零組件業
8104,錸寶,上市,光電業
8105,凌巨,上市,光電業
8110,華東,上市,半導體業
8112,至上,上市,電子通路業
8114,振樺電,上市,電腦及週邊設備業
8131,福懋科,上市,半導體業
8150,南茂,上市,半導體業
8163,達方,上市,電腦及週邊設備業
8201,無敵,上市,其他電子業
8210,勤誠,上市,電腦及週邊設備業
8213,志超,上市,電子零組件業
8215,明基材,上市,光電業
8222,寶一,上市,電機機械
8249,菱光,上市,電子零組件業
8261,富鼎,上市,半導體業
8271,宇瞻,上市,半導體業
8341,日友,上市,綠能環保
8367,建新國際,上市,航運業
8374,羅昇,上市,電機機械
8404,百和興業-KY,上市,其他業
8411,福貞-KY,上市,其他業
8422,可寧衛,上市,綠能環保
8429,金麗-KY,上市,貿易百貨業
8438,昶昕,上市,綠能環保
8442,威宏-KY,上市,其他業
8443,阿瘦,上市,貿易百貨業
8454,富邦媒,上市,數位雲端
8462,柏文,上市,運動休閒
8463,潤泰材,上市,其他業
8464,億豐,上市,居家生活
8466,美吉吉-KY,上市,其他業
8467,波力-KY,上市,運動休閒
8473,山林水,上市,綠能環保
8476,台境,上市,綠能環保
8478,東哥遊艇,上市,運動休閒
8481,政伸,上市,其他業
8482,商億-KY,上市,居家生活
8488,吉源-KY,上市,其他業
8499,鼎炫-KY,上市,其他電子業
8926,台汽電,上市,油電燃氣業
8940,新天地,上市,觀光餐旅
8996,高力,上市,電機機械
9802,鈺齊-KY,上市,運動休閒
9902,台火,上市,其他業
9904,寶成,上市,運動休閒
9905,大華,上市,其他業
9906,欣巴巴,上市,建材營造業
9907,統一實,上市,其他業
9908,大台北,上市,油電燃氣業
9910,豐泰,上市,運動休閒
9911,櫻花,上市,居家生活
9912,偉聯,上市,電腦及週邊設備業
9914,美利達,上市,運動休閒
9917,中保科,上市,其他業
9918,欣天然,上市,油電燃氣業
9919,康那香,上市,其他業
9921,巨大,上市,運動休閒
9924,福興,上市,居家生活
9925,新保,上市,其他業
9926,新海,上市,油電燃氣業
9927,泰銘,上市,其他業
9928,中視,上市,其他業
9929,秋雨,上市,其他業
9930,中聯資源,上市,綠能環保
9931,欣高,上市,油電燃氣業
9933,中鼎,上市,其他業
9934,成霖,上市,居家生活
9935,慶豐富,上市,居家生活
9937,全國,上市,油電燃氣業
9938,百和,上市,其他業
9939,宏全,上市,其他業
9940,信義,上市,其他業
9941,裕融,上市,其他業
9942,茂順,上市,其他業
9943,好樂迪,上市,觀光餐旅
9944,新麗,上市,其他業
9945,潤泰新,上市,其他業
9946,三發地產,上市,建材營造業
9955,佳龍,上市,綠能環保
9958,世紀鋼,上市,鋼鐵工業
1240,茂生農經,上櫃,農業科技業
1259,安心,上櫃,觀光餐旅
1264,德麥,上櫃,食品工業
1268,漢來美食,上櫃,觀光餐旅
1336,台翰,上櫃,電子零組件業
1565,精華,上櫃,生技醫療業
1569,濱川,上櫃,電腦及週邊設備業
1570,力肯,上櫃,電機機械
1580,新麥,上櫃,電機機械
1584,精剛,上櫃,其他業
1586,和勤,上櫃,電機機械
1591,駿吉-KY,上櫃,電機機械
1593,祺驊,上櫃,運動休閒
1595,川寶,上櫃,電子零組件業
1599,宏佳騰,上櫃,電機機械
1742,台蠟,上櫃,化學工業
1777,生泰,上櫃,生技醫療業
1781,合世,上櫃,生技醫療業
1784,訊聯,上櫃,生技醫療業
1785,光洋科,上櫃,其他電子業
1788,杏昌,上櫃,生技醫療業
1796,金穎生技,上櫃,食品工業
1799,易威,上櫃,生技醫療業
1813,寶利徠,上櫃,生技醫療業
1815,富喬,上櫃,電子零組件業
2035,唐榮,上櫃,鋼鐵工業
2061,風青,上櫃,電器電纜
2063,世鎧,上櫃,鋼鐵工業
2064,晉椿,上櫃,鋼鐵工業
2065,世豐,上櫃,鋼鐵工業
2066,世德,上櫃,電機機械
2067,嘉鋼,上櫃,電機機械
2070,精湛,上櫃,電機機械
2073,雄順,上櫃,鋼鐵工業
2221,大甲,上櫃,其他業
2230,泰茂,上櫃,電機機械
2235,謚源,上櫃,電機機械
2596,綠意,上櫃,建材營造業
2640,大車隊,上櫃,數位雲端
2641,正德,上櫃,航運業
2643,捷迅,上櫃,航運業
2718,晶悅,上櫃,建材營造業
2719,燦星旅,上櫃,觀光餐旅
2724,藝舍-KY,上櫃,觀光餐旅
2726,雅茗-KY,上櫃,觀光餐旅
2729,瓦城,上櫃,觀光餐旅
2732,六角,上櫃,觀光餐旅
2734,易飛網,上櫃,觀光餐旅
2736,富野,上櫃,觀光餐旅
2740,天蔥,上櫃,觀光餐旅
2743,山富,上櫃,觀光餐旅
2745,五福,上櫃,觀光餐旅
2752,豆府,上櫃,觀光餐旅
2754,亞洲藏壽司,上櫃,觀光餐旅
2755,揚秦,上櫃,觀光餐旅
2756,聯發國際,上櫃,觀光餐旅
2916,滿心,上櫃,居家生活
2924,宏太-KY,上櫃,居家生活
2926,誠品生活,上櫃,文化創意業
2937,集雅社,上櫃,居家生活
2941,米斯特,上櫃,居家生活
2947,振宇五金,上櫃,居家生活
2948,寶陞,上櫃,居家生活
2949,欣新網,上櫃,數位雲端
3064,泰偉,上櫃,文化創意業
3066,李洲,上櫃,光電業
3067,全域,上櫃,其他電子業
3071,協禧,上櫃,電腦及週邊設備業
3073,天方能源,上櫃,綠能環保
3078,僑威,上櫃,電子零組件業
3081,聯亞,上櫃,通信網路業
3083,網龍,上櫃,文化創意業
3085,新零售,上櫃,數位雲端
3086,華義,上櫃,文化創意業
3088,艾訊,上櫃,電腦及週邊設備業
3093,港建*,上櫃,其他電子業
3095,及成,上櫃,通信網路業
3105,穩懋,上櫃,半導體業
3114,好德,上櫃,電子零組件業
3115,富榮綱,上櫃,電子零組件業
3118,進階,上櫃,生技醫療業
3122,笙泉,上櫃,半導體業
3128,昇銳,上櫃,光電業
3131,弘塑,上櫃,其他電子業
3141,晶宏,上櫃,半導體業
3147,大綜,上櫃,資訊服務業
3152,璟德,上櫃,通信網路業
3162,精確,上櫃,電機機械
3163,波若威,上櫃,通信網路業
3169,亞信,上櫃,半導體業
3171,新洲,上櫃,居家生活
3176,基亞,上櫃,生技醫療業
3178,公準,上櫃,半導體業
3188,鑫龍騰,上櫃,建材營造業
3191,雲嘉南,上櫃,電子零組件業
3202,樺晟,上櫃,電子零組件業
3205,佰研,上櫃,生技醫療業
3206,志豐,上櫃,電子零組件業
3207,耀勝,上櫃,電子零組件業
3211,順達,上櫃,電腦及週邊設備業
3213,茂訊,上櫃,電腦及週邊設備業
3217,優群,上櫃,電子零組件業
3218,大學光,上櫃,生技醫療業
3219,倚強科,上櫃,其他電子業
3221,台嘉碩,上櫃,通信網路業
3224,三顧,上櫃,電子通路業
3226,至寶電,上櫃,電機機械
3227,原相,上櫃,半導體業
3228,金麗科,上櫃,半導體業
3230,錦明,上櫃,光電業
3232,昱捷,上櫃,電子通路業
3234,光環,上櫃,通信網路業
3236,千如,上櫃,電子零組件業
3252,海灣,上櫃,觀光餐旅
3259,鑫創,上櫃,半導體業
3260,威剛,上櫃,半導體業
3264,欣銓,上櫃,半導體業
3265,台星科,上櫃,半導體業
3268,海德威,上櫃,半導體業
3272,東碩,上櫃,電腦及週邊設備業
3276,宇環,上櫃,電子零組件業
3284,太普高,上櫃,其他業
3285,微端,上櫃,其他電子業
3287,廣寰科,上櫃,電腦及週邊設備業
3288,點晶,上櫃,電子零組件業
3289,宜特,上櫃,其他電子業
3290,東浦,上櫃,電子零組件業
3293,鈊象,上櫃,文化創意業
3294,英濟,上櫃,電子零組件業
3297,杭特,上櫃,光電業
3303,岱稜,上櫃,其他電子業
3306,鼎天,上櫃,通信網路業
3310,佳穎,上櫃,電子零組件業
3313,斐成,上櫃,其他業
3317,尼克森,上櫃,半導體業
3322,建舜電,上櫃,電子零組件業
3323,加百裕,上櫃,電腦及週邊設備業
3324,雙鴻,上櫃,其他電子業
3325,旭品,上櫃,電腦及週邊設備業
3332,幸康,上櫃,電子零組件業
3339,泰谷,上櫃,光電業
3349,寶德,上櫃,電腦及週邊設備業
3354,律勝,上櫃,電子零組件業
3357,臺慶科,上櫃,電子零組件業
3360,尚立,上櫃,電子通路業
3362,先進光,上櫃,光電業
3363,上詮,上櫃,通信網路業
3372,典範,上櫃,半導體業
3373,熱映,上櫃,其他電子業
3374,精材,上櫃,半導體業
3379,彬台,上櫃,電機機械
3388,崇越電,上櫃,電子零組件業
3390,旭軟,上櫃,電子零組件業
3402,漢科,上櫃,其他電子業
3426,台興,上櫃,電機機械
3430,奇鈦科,上櫃,化學工業
3434,哲固,上櫃,光電業
3438,類比科,上櫃,半導體業
3441,聯一光,上櫃,光電業
3444,利機,上櫃,電子通路業
3455,由田,上櫃,光電業
3465,進泰電子,上櫃,電子零組件業
3466,德晉,上櫃,通信網路業
3479,安勤,上櫃,電腦及週邊設備業
3483,力致,上櫃,電腦及週邊設備業
3484,崧騰,上櫃,電子零組件業
3489,森寶,上櫃,建材營造業
3490,單井,上櫃,光電業
3491,昇達科,上櫃,通信網路業
3492,長盛,上櫃,電子零組件業
3498,陽程,上櫃,其他電子業
3499,環天科,上櫃,通信網路業
3508,位速,上櫃,其他電子業
3511,矽瑪,上櫃,電子零組件業
3512,皇龍,上櫃,建材營造業
3516,亞帝歐,上櫃,光電業
3520,華盈,上櫃,電子零組件業
3521,鴻翊,上櫃,電腦及週邊設備業
3522,御頂,上櫃,觀光餐旅
3523,迎輝,上櫃,光電業
3526,凡甲,上櫃,電子零組件業
3527,聚積,上櫃,半導體業
3529,力旺,上櫃,半導體業
3531,先益,上櫃,光電業
3537,堡達,上櫃,電子零組件業
3540,曜越,上櫃,電腦及週邊設備業
3541,西柏,上櫃,其他電子業
3546,宇峻,上櫃,文化創意業
3548,兆利,上櫃,電子零組件業
3551,世禾,上櫃,綠能環保
3552,同致,上櫃,其他電子業
3555,博士旺,上櫃,半導體業
3556,禾瑞亞,上櫃,半導體業
3558,神準,上櫃,通信網路業
3564,其陽,上櫃,通信網路業
3567,逸昌,上櫃,半導體業
3570,大塚,上櫃,資訊服務業
3577,泓格,上櫃,電腦及週邊設備業
3580,友威科,上櫃,其他電子業
3581,博磊,上櫃,半導體業
3587,閎康,上櫃,其他電子業
3594,磐儀,上櫃,電腦及週邊設備業
3597,映興,上櫃,電子零組件業
3609,三一東林,上櫃,電子零組件業
3611,鼎翰,上櫃,電腦及週邊設備業
3615,安可,上櫃,光電業
3623,富晶通,上櫃,光電業
3624,光頡,上櫃,電子零組件業
3625,西勝,上櫃,電腦及週邊設備業
3628,盈正,上櫃,其他電子業
3629,地心引力,上櫃,文化創意業
3630,新鉅科,上櫃,光電業
3631,晟楠,上櫃,電子零組件業
3632,研勤,上櫃,通信網路業
3646,艾恩特,上櫃,電子零組件業
3663,鑫科,上櫃,其他電子業
3664,安瑞-KY,上櫃,通信網路業
3666,光耀,上櫃,光電業
3672,康聯訊,上櫃,通信網路業
3675,德微,上櫃,半導體業
3680,家登,上櫃,半導體業
3684,榮昌,上櫃,通信網路業
3685,元創精密,上櫃,電機機械
3687,歐買尬,上櫃,數位雲端
3689,湧德,上櫃,電子零組件業
3691,碩禾,上櫃,光電業
3693,營邦,上櫃,電腦及週邊設備業
3707,漢磊,上櫃,半導體業
3709,鑫聯大投控,上櫃,電腦及週邊設備業
3710,連展投控,上櫃,電子零組件業
3713,新晶投控,上櫃,綠能環保
4102,永日,上櫃,生技醫療業
4105,東洋,上櫃,生技醫療業
4107,邦特,上櫃,生技醫療業
4109,加捷生醫,上櫃,生技醫療業
4111,濟生,上櫃,生技醫療業
4113,聯上,上櫃,建材營造業
4114,健喬,上櫃,生技醫療業
4116,明基醫,上櫃,生技醫療業
4120,友華,上櫃,生技醫療業
4121,優盛,上櫃,生技醫療業
4123,晟德,上櫃,生技醫療業
4126,太醫,上櫃,生技醫療業
4127,天良,上櫃,生技醫療業
4128,中天,上櫃,生技醫療業
4129,聯合,上櫃,生技醫療業
4130,健亞,上櫃,生技醫療業
4131,浩泰,上櫃,生技醫療業
4138,曜亞,上櫃,生技醫療業
4139,馬光-KY,上櫃,生技醫療業
4147,中裕,上櫃,生技醫療業
4153,鈺緯,上櫃,生技醫療業
4154,樂威科-KY,上櫃,其他業
4157,太景*-KY,上櫃,生技醫療業
4160,訊聯基因,上櫃,生技醫療業
4161,聿新科,上櫃,生技醫療業
4162,智擎,上櫃,生技醫療業
4163,鐿鈦,上櫃,生技醫療業
4167,松瑞藥,上櫃,生技醫療業
4168,醣聯,上櫃,生技醫療業
4171,瑞基,上櫃,農業科技業
4173,久裕,上櫃,生技醫療業
4174,浩鼎,上櫃,生技醫療業
4175,杏一,上櫃,生技醫療業
4183,福永生技,上櫃,生技醫療業
4188,安克,上櫃,生技醫療業
4192,杏國,上櫃,生技醫療業
4198,欣大健康,上櫃,生技醫療業
4205,中華食,上櫃,食品工業
4207,環泰,上櫃,食品工業
4303,信立,上櫃,塑膠工業
4304,勝昱,上櫃,塑膠工業
4305,世坤,上櫃,塑膠工業
4401,東隆興,上櫃,紡織纖維
4402,福大,上櫃,紡織纖維
4406,新昕纖,上櫃,紡織纖維
4413,飛寶企業,上櫃,紡織纖維
4416,三圓,上櫃,建材營造業
4417,金洲,上櫃,紡織纖維
4419,元勝,上櫃,紡織纖維
4420,光明,上櫃,紡織纖維
4430,耀億,上櫃,其他業
4432,銘旺實,上櫃,紡織纖維
4433,興采,上櫃,紡織纖維
4442,竣邦-KY,上櫃,紡織纖維
4502,健信,上櫃,電機機械
4503,金雨,上櫃,電機機械
4506,崇友,上櫃,電機機械
4510,高鋒,上櫃,電機機械
4513,福裕,上櫃,電機機械
4523,永彰,上櫃,電機機械
4527,方土霖,上櫃,電機機械
4528,江興鍛,上櫃,電機機械
4529,淳紳,上櫃,其他業
4530,宏易,上櫃,觀光餐旅
4533,協易機,上櫃,電機機械
4534,慶騰,上櫃,電機機械
4535,至興,上櫃,電機機械
4538,大詠城,上櫃,電機機械
4541,晟田,上櫃,其他業
4542,科嶠,上櫃,電子零組件業
4543,萬在,上櫃,電機機械
4549,桓達,上櫃,電機機械
4550,長佳,上櫃,電機機械
4554,橙的,上櫃,其他電子業
4556,旭然,上櫃,其他業
4558,寶緯,上櫃,電機機械
4561,健椿,上櫃,電機機械
4563,百德,上櫃,電機機械
4568,科際精密,上櫃,電機機械
4577,達航科技,上櫃,其他電子業
4580,捷流閥業,上櫃,電機機械
4584,君帆,上櫃,電機機械
4609,唐鋒,上櫃,居家生活
4702,中美實,上櫃,居家生活
4706,大恭,上櫃,化學工業
4707,磐亞,上櫃,化學工業
4711,永純,上櫃,化學工業
4712,福格創新,上櫃,食品工業
4714,永捷,上櫃,化學工業
4716,大立,上櫃,化學工業
4721,美琪瑪,上櫃,化學工業
4726,永昕,上櫃,生技醫療業
4728,雙美,上櫃,生技醫療業
4729,熒茂,上櫃,光電業
4735,豪展,上櫃,生技醫療業
4741,泓瀚,上櫃,化學工業
4743,合一,上櫃,生技醫療業
4744,皇將,上櫃,生技醫療業
4745,合富-KY,上櫃,生技醫療業
4747,強生,上櫃,生技醫療業
4754,國碳科,上櫃,化學工業
4760,勤凱,上櫃,其他電子業
4767,誠泰科技,上櫃,化學工業
4768,晶呈科技,上櫃,化學工業
4804,大略-KY,上櫃,觀光餐旅
4806,昇華,上櫃,文化創意業
4903,聯光通,上櫃,通信網路業
4905,台聯電,上櫃,通信網路業
4907,富宇,上櫃,建材營造業
4908,前鼎,上櫃,通信網路業
4909,新復興,上櫃,通信網路業
4911,德英,上櫃,生技醫療業
4923,力士,上櫃,半導體業
4924,欣厚-KY,上櫃,電腦及週邊設備業
4931,新盛力,上櫃,電腦及週邊設備業
4933,友輝,上櫃,光電業
4939,亞電,上櫃,電子零組件業
4945,陞達科技,上櫃,半導體業
4946,辣椒,上櫃,文化創意業
4950,牧東,上櫃,其他業
4951,精拓科,上櫃,半導體業
4953,緯軟,上櫃,資訊服務業
4966,譜瑞-KY,上櫃,半導體業
4971,IET-KY,上櫃,半導體業
4972,湯石照明,上櫃,光電業
4973,廣穎,上櫃,半導體業
4974,亞泰,上櫃,電子零組件業
4979,華星光,上櫃,通信網路業
4987,科誠,上櫃,電腦及週邊設備業
4991,環宇-KY,上櫃,半導體業
4995,晶達,上櫃,光電業
5009,榮剛,上櫃,鋼鐵工業
5011,久陽,上櫃,鋼鐵工業
5013,強新,上櫃,鋼鐵工業
5014,建錩,上櫃,鋼鐵工業
5015,華祺,上櫃,鋼鐵工業
5016,松和,上櫃,鋼鐵工業
5201,凱衛,上櫃,資訊服務業
5202,力新,上櫃,資訊服務業
5205,中茂,上櫃,綠能環保
5206,坤悅,上櫃,建材營造業
5209,新鼎,上櫃,其他業
5210,寶碩,上櫃,資訊服務業
5211,蒙恬,上櫃,資訊服務業
5212,凌網,上櫃,資訊服務業
5213,亞昕,上櫃,建材營造業
5220,萬達光電,上櫃,光電業
5223,安力-KY,上櫃,電腦及週邊設備業
5227,立凱-KY,上櫃,電子零組件業
5228,鈺鎧,上櫃,電子零組件業
5230,雷笛克光學,上櫃,光電業
5236,凌陽創新,上櫃,半導體業
5245,智晶,上櫃,光電業
5251,天鉞電,上櫃,光電業
5263,智崴,上櫃,文化創意業
5272,笙科,上櫃,半導體業
5274,信驊,上櫃,半導體業
5276,達輝-KY,上櫃,其他業
5278,尚凡,上櫃,數位雲端
5287,數字,上櫃,數位雲端
5289,宜鼎,上櫃,電腦及週邊設備業
5291,邑昇,上櫃,電子零組件業
5299,杰力,上櫃,半導體業
5301,寶得利,上櫃,觀光餐旅
5302,太欣,上櫃,半導體業
5309,系統電,上櫃,電子零組件業
5310,天剛,上櫃,資訊服務業
5312,寶島科,上櫃,生技醫療業
5314,世紀,上櫃,半導體業
5315,光聯,上櫃,光電業
5321,美而快,上櫃,數位雲端
5324,士開,上櫃,建材營造業
5328,華容,上櫃,電子零組件業
5340,建榮,上櫃,電子零組件業
5344,立衛,上櫃,半導體業
5345,天揚,上櫃,其他業
5347,世界,上櫃,半導體業
5348,正能量智能,上櫃,通信網路業
5351,鈺創,上櫃,半導體業
5353,台林,上櫃,通信網路業
5355,佳總,上櫃,電子零組件業
5356,協益,上櫃,電腦及週邊設備業
5364,力麗店,上櫃,觀光餐旅
5371,中光電,上櫃,光電業
5381,合正,上櫃,電子零組件業
5383,金利,上櫃,其他電子業
5386,青雲,上櫃,電腦及週邊設備業
5392,能率,上櫃,光電業
5398,慕康生醫,上櫃,其他業
5403,中菲,上櫃,資訊服務業
5410,國眾,上櫃,資訊服務業
5425,台半,上櫃,半導體業
5426,振發,上櫃,電腦及週邊設備業
5432,新門,上櫃,光電業
5438,東友,上櫃,電腦及週邊設備業
5439,高技,上櫃,電子零組件業
5443,均豪,上櫃,光電業
5450,南良,上櫃,其他業
5452,佶優,上櫃,其他電子業
5455,昇益,上櫃,建材營造業
5457,宣德,上櫃,電子零組件業
5460,同協,上櫃,電子零組件業
5464,霖宏,上櫃,電子零組件業
5465,富驊,上櫃,電腦及週邊設備業
5468,凱鈺,上櫃,半導體業
5474,聰泰,上櫃,電腦及週邊設備業
5475,德宏,上櫃,電子零組件業
5478,智冠,上櫃,文化創意業
5481,新華,上櫃,其他業
5483,中美晶,上櫃,半導體業
5487,通泰,上櫃,半導體業
5488,松普,上櫃,電子零組件業
5489,彩富,上櫃,其他電子業
5490,同亨,上櫃,電腦及週邊設備業
5493,三聯,上櫃,其他電子業
5498,凱崴,上櫃,電子零組件業
5508,永信建,上櫃,建材營造業
5511,德昌,上櫃,建材營造業
5512,力麒,上櫃,建材營造業
5514,三豐,上櫃,建材營造業
5516,雙喜,上櫃,建材營造業
5520,力泰,上櫃,建材營造業
5523,豐謙,上櫃,建材營造業
5529,鉅陞,上櫃,建材營造業
5530,龍巖,上櫃,其他業
5536,聖暉*,上櫃,其他電子業
5543,桓鼎-KY,上櫃,建材營造業
5548,安倉,上櫃,建材營造業
5601,台聯櫃,上櫃,航運業
5603,陸海,上櫃,航運業
5604,中連,上櫃,其他業
5609,中菲行,上櫃,航運業
5701,劍湖山,上櫃,觀光餐旅
5703,亞都,上櫃,觀光餐旅
5704,老爺知,上櫃,觀光餐旅
5864,致和證,上櫃,金融保險業
5878,台名,上櫃,金融保險業
5902,德記,上櫃,居家生活
5903,全家,上櫃,居家生活
5904,寶雅,上櫃,居家生活
5905,南仁湖,上櫃,觀光餐旅
6015,宏遠證,上櫃,金融保險業
6016,康和證,上櫃,金融保險業
6020,大展證,上櫃,金融保險業
6021,美好證,上櫃,金融保險業
6023,元大期,上櫃,金融保險業
6026,福邦證,上櫃,金融保險業
6101,寬魚國際,上櫃,文化創意業
6103,合邦,上櫃,半導體業
6104,創惟,上櫃,半導體業
6109,亞元,上櫃,通信網路業
6111,大宇資,上櫃,文化創意業
6113,亞矽,上櫃,電子通路業
6114,久威,上櫃,電子零組件業
6118,建達,上櫃,電子通路業
6121,新普,上櫃,電腦及週邊設備業
6122,擎邦,上櫃,電機機械
6123,上奇,上櫃,資訊服務業
6124,業強,上櫃,電子零組件業
6125,廣運,上櫃,光電業
6126,信音,上櫃,電子零組件業
6127,九豪,上櫃,電子零組件業
6129,普誠,上櫃,半導體業
6130,上亞科技,上櫃,生技醫療業
6134,萬旭,上櫃,電子零組件業
6138,茂達,上櫃,半導體業
6140,訊達,上櫃,資訊服務業
6143,振曜,上櫃,通信網路業
6144,得利影,上櫃,文化創意業
6146,耕興,上櫃,其他電子業
6147,頎邦,上櫃,半導體業
6148,驊宏資,上櫃,資訊服務業
6150,撼訊,上櫃,電腦及週邊設備業
6151,晉倫,上櫃,其他電子業
6154,順發,上櫃,電子通路業
6156,松上,上櫃,電子零組件業
6158,禾昌,上櫃,電子零組件業
6160,欣技,上櫃,電腦及週邊設備業
6161,捷波,上櫃,電腦及週邊設備業
6163,華電網,上櫃,通信網路業
6167,久正,上櫃,光電業
6169,昱泉,上櫃,文化創意業
6170,統振,上櫃,通信網路業
6171,大城地產,上櫃,建材營造業
6173,信昌電,上櫃,電子零組件業
6174,安碁,上櫃,電子零組件業
6175,立敦,上櫃,電子零組件業
6179,亞通,上櫃,其他業
6180,橘子,上櫃,文化創意業
6182,合晶,上櫃,半導體業
6185,幃翔,上櫃,電子零組件業
6186,新潤,上櫃,建材營造業
6187,萬潤,上櫃,其他電子業
6188,廣明,上櫃,電腦及週邊設備業
6190,萬泰科,上櫃,通信網路業
6194,育富,上櫃,電子零組件業
6195,詩肯,上櫃,居家生活
6198,瑞築,上櫃,半導體業
6199,天品,上櫃,其他業
6203,海韻電,上櫃,電子零組件業
6204,艾華,上櫃,電子零組件業
6207,雷科,上櫃,電子零組件業
6208,日揚,上櫃,電子零組件業
6210,慶生,上櫃,電子零組件業
6212,理銘,上櫃,建材營造業
6217,中探針,上櫃,電子零組件業
6218,豪勉,上櫃,通信網路業
6219,富旺,上櫃,建材營造業
6220,岳豐,上櫃,電子零組件業
6221,晉泰,上櫃,資訊服務業
6222,上揚,上櫃,光電業
6223,旺矽,上櫃,半導體業
6227,茂綸,上櫃,電子通路業
6228,全譜,上櫃,電腦及週邊設備業
6229,研通,上櫃,半導體業
6231,系微,上櫃,資訊服務業
6233,旺玖,上櫃,半導體業
6234,高僑,上櫃,光電業
6236,中湛,上櫃,其他業
6237,驊訊,上櫃,半導體業
6240,松崗,上櫃,其他業
6241,易通展,上櫃,通信網路業
6242,立康,上櫃,生技醫療業
6244,茂迪,上櫃,光電業
6245,立端,上櫃,通信網路業
6246,臺龍,上櫃,光電業
6248,沛波,上櫃,鋼鐵工業
6259,百徽,上櫃,電子零組件業
6261,久元,上櫃,半導體業
6263,普萊德,上櫃,通信網路業
6264,富裔,上櫃,建材營造業
6265,方土昶,上櫃,電子通路業
6266,泰詠,上櫃,電子零組件業
6270,倍微,上櫃,電子通路業
6274,台燿,上櫃,電子零組件業
6275,元山,上櫃,電子零組件業
6276,安鈦克,上櫃,電腦及週邊設備業
6279,胡連,上櫃,電子零組件業
6284,佳邦,上櫃,電子零組件業
6287,元隆,上櫃,半導體業
6290,良維,上櫃,電子零組件業
6291,沛亨,上櫃,半導體業
6292,迅德,上櫃,電子零組件業
6294,智基,上櫃,文化創意業
6404,通訊-KY,上櫃,資訊服務業
6411,晶焱,上櫃,半導體業
6417,韋僑,上櫃,通信網路業
6418,詠昇,上櫃,電子零組件業
6419,京晨科,上櫃,光電業
6425,易發,上櫃,電機機械
6432,今展科,上櫃,電子零組件業
6435,大中,上櫃,半導體業
6441,廣錠,上櫃,電腦及週邊設備業
6457,紘康,上櫃,半導體業
6461,益得,上櫃,生技醫療業
6462,神盾,上櫃,半導體業
6465,威潤,上櫃,通信網路業
6469,大樹,上櫃,生技醫療業
6470,宇智,上櫃,通信網路業
6482,弘煜科,上櫃,文化創意業
6485,點序,上櫃,半導體業
6486,互動,上櫃,通信網路業
6488,環球晶,上櫃,半導體業
6492,生華科,上櫃,生技醫療業
6494,九齊,上櫃,半導體業
6496,科懋,上櫃,生技醫療業
6499,益安,上櫃,生技醫療業
6506,雙邦,上櫃,紡織纖維
6508,惠光,上櫃,農業科技業
6509,聚和,上櫃,化學工業
6510,精測,上櫃,半導體業
6512,啟發電,上櫃,其他電子業
6514,芮特-KY,上櫃,通信網路業
6516,勤崴國際,上櫃,資訊服務業
6517,保勝光學,上櫃,光電業
6523,達爾膚,上櫃,生技醫療業
6527,明達醫,上櫃,生技醫療業
6530,創威,上櫃,通信網路業
6532,瑞耘,上櫃,半導體業
6535,順藥,上櫃,生技醫療業
6538,倉和,上櫃,電子零組件業
6542,隆中,上櫃,文化創意業
6546,正基,上櫃,通信網路業
6547,高端疫苗,上櫃,生技醫療業
6548,長科*,上櫃,半導體業
6556,勝品,上櫃,光電業
6560,欣普羅,上櫃,光電業
6561,是方,上櫃,通信網路業
6568,宏觀,上櫃,半導體業
6569,醫揚,上櫃,生技醫療業
6570,維田,上櫃,電腦及週邊設備業
6574,霈方,上櫃,生技醫療業
6576,逸達,上櫃,生技醫療業
6577,勁豐,上櫃,電腦及週邊設備業
6578,達邦蛋白,上櫃,農業科技業
6584,南俊國際,上櫃,電子零組件業
6588,東典光電,上櫃,通信網路業
6589,台康生技,上櫃,生技醫療業
6590,普鴻,上櫃,資訊服務業
6593,台灣銘板,上櫃,資訊服務業
6596,寬宏藝術,上櫃,文化創意業
6603,富強鑫,上櫃,電機機械
6609,瀧澤科,上櫃,電機機械
6612,奈米醫材,上櫃,生技醫療業
6613,朋億*,上櫃,其他電子業
6615,慧智,上櫃,生技醫療業
6616,特昇-KY,上櫃,居家生活
6624,萬年清,上櫃,綠能環保
6629,泰金-KY,上櫃,居家生活
6640,均華,上櫃,半導體業
6642,富致,上櫃,電子零組件業
6643,M31,上櫃,半導體業
6649,台生材,上櫃,生技醫療業
6651,全宇昕,上櫃,半導體業
6654,天正國際,上櫃,其他電子業
6661,威健生技,上櫃,生技醫療業
6662,樂斯科,上櫃,生技醫療業
6664,群翊,上櫃,電子零組件業
6667,信紘科,上櫃,其他電子業
6679,鈺太,上櫃,半導體業
6680,鑫創電子,上櫃,電腦及週邊設備業
6683,雍智科技,上櫃,半導體業
6684,安格,上櫃,半導體業
6690,安碁資訊,上櫃,數位雲端
6692,進能服,上櫃,綠能環保
6693,廣閎科,上櫃,半導體業
6697,東捷資訊,上櫃,資訊服務業
6703,軒郁,上櫃,生技醫療業
6708,天擎,上櫃,半導體業
6712,長聖,上櫃,生技醫療業
6716,應廣,上櫃,半導體業
6721,信實,上櫃,其他業
6727,亞泰金屬,上櫃,電子零組件業
6728,上洋,上櫃,居家生活
6732,昇佳電子,上櫃,半導體業
6733,博晟生醫,上櫃,生技醫療業
6735,美達科技,上櫃,其他電子業
6741,91APP*-KY,上櫃,數位雲端
6747,亨泰光,上櫃,生技醫療業
6751,智聯服務,上櫃,資訊服務業
6752,叡揚,上櫃,資訊服務業
6761,穩得,上櫃,電子零組件業
6762,達亞,上櫃,生技醫療業
6763,綠界科技,上櫃,數位雲端
6767,台微醫,上櫃,生技醫療業
6785,昱展新藥,上櫃,生技醫療業
6788,華景電,上櫃,半導體業
6791,虎門科技,上櫃,資訊服務業
6803,崑鼎,上櫃,綠能環保
6804,明係,上櫃,運動休閒
6811,宏碁資訊,上櫃,數位雲端
6821,聯寶,上櫃,電子零組件業
6823,濾能,上櫃,半導體業
6829,千附精密,上櫃,電機機械
6840,東研信超,上櫃,其他電子業
6841,長佳智能,上櫃,生技醫療業
6843,進典,上櫃,電機機械
6844,諾貝兒,上櫃,生技醫療業
6846,綠茵,上櫃,食品工業
6855,數泓科,上櫃,其他電子業
6856,鑫傳,上櫃,文化創意業
6859,伯特光,上櫃,光電業
6865,偉康科技,上櫃,資訊服務業
6870,騰雲,上櫃,數位雲端
6874,倍力,上櫃,資訊服務業
6875,國邑*,上櫃,生技醫療業
6877,鏵友益,上櫃,其他電子業
6894,衛司特,上櫃,綠能環保
6895,宏碩系統,上櫃,半導體業
6899,創為精密,上櫃,光電業
6904,伯鑫,上櫃,其他業
6922,宸曜,上櫃,電腦及週邊設備業
6929,佑全,上櫃,生技醫療業
6953,家碩,上櫃,半導體業
7402,邑錡,上櫃,光電業
7556,意德士,上櫃,半導體業
8024,佑華,上櫃,半導體業
8027,鈦昇,上櫃,電機機械
8032,光菱,上櫃,電子通路業
8034,榮群,上櫃,通信網路業
8038,長園科,上櫃,電子零組件業
8040,九暘,上櫃,半導體業
8042,金山電,上櫃,電子零組件業
8043,蜜望實,上櫃,電子零組件業
8044,網家,上櫃,數位雲端
8047,星雲,上櫃,其他電子業
8048,德勝,上櫃,通信網路業
8049,晶采,上櫃,光電業
8050,廣積,上櫃,電腦及週邊設備業
8054,安國,上櫃,半導體業
8059,凱碩,上櫃,通信網路業
8064,東捷,上櫃,光電業
8066,來思達,上櫃,居家生活
8067,志旭,上櫃,電子通路業
8068,全達,上櫃,電子通路業
8069,元太,上櫃,光電業
8071,能率網通,上櫃,電子零組件業
8074,鉅橡,上櫃,電子零組件業
8076,伍豐,上櫃,電腦及週邊設備業
8077,洛碁,上櫃,觀光餐旅
8080,印鉐,上櫃,建材營造業
8083,瑞穎,上櫃,電機機械
8084,巨虹,上櫃,電子通路業
8085,福華,上櫃,其他電子業
8086,宏捷科,上櫃,半導體業
8087,華鎂鑫,上櫃,綠能環保
8088,品安,上櫃,半導體業
8089,康全電訊,上櫃,通信網路業
8091,翔名,上櫃,電子零組件業
8092,建暐,上櫃,其他電子業
8093,保銳,上櫃,電子零組件業
8096,擎亞,上櫃,電子通路業
8097,常珵,上櫃,通信網路業
8099,大世科,上櫃,資訊服務業
8107,大億金茂,上櫃,電機機械
8109,博大,上櫃,電子零組件業
8111,立碁,上櫃,光電業
8121,越峰,上櫃,電子零組件業
8147,正淩,上櫃,電子零組件業
8155,博智,上櫃,電子零組件業
8171,天宇,上櫃,綠能環保
8176,智捷,上櫃,通信網路業
8182,加高,上櫃,電子零組件業
8183,精星,上櫃,其他電子業
8227,巨有科技,上櫃,半導體業
8234,新漢,上櫃,電腦及週邊設備業
8240,華宏,上櫃,光電業
8255,朋程,上櫃,電機機械
8277,商丞,上櫃,半導體業
8279,生展,上櫃,生技醫療業
8284,三竹,上櫃,資訊服務業
8289,泰藝,上櫃,電子零組件業
8291,尚茂,上櫃,電子零組件業
8299,群聯,上櫃,半導體業
8342,益張,上櫃,其他業
8349,恒耀,上櫃,鋼鐵工業
8354,冠好,上櫃,其他業
8358,金居,上櫃,電子零組件業
8383,千附,上櫃,其他電子業
8390,金益鼎,上櫃,綠能環保
8401,白紗科,上櫃,其他業
8403,盛弘,上櫃,生技醫療業
8409,商之器,上櫃,生技醫療業
8410,森田,上櫃,電腦及週邊設備業
8415,大國鋼,上櫃,鋼鐵工業
8416,實威,上櫃,資訊服務業
8420,明揚,上櫃,運動休閒
8421,旭源,上櫃,其他業
8423,保綠-KY,上櫃,綠能環保
8424,惠普,上櫃,建材營造業
8426,紅木-KY,上櫃,其他業
8431,匯鑽科,上櫃,其他電子業
8432,東生華,上櫃,生技醫療業
8433,弘帆,上櫃,居家生活
8435,鉅邁,上櫃,其他業
8436,大江,上櫃,生技醫療業
8437,大地-KY,上櫃,其他業
8440,綠電,上櫃,綠能環保
8444,綠河-KY,上櫃,其他業
8446,華研,上櫃,文化創意業
8450,霹靂,上櫃,文化創意業
8455,大拓-KY,上櫃,其他電子業
8472,夠麻吉,上櫃,數位雲端
8477,創業家,上櫃,數位雲端
8489,三貝德,上櫃,其他業
8905,裕國,上櫃,其他業
8906,花王,上櫃,其他業
8908,欣雄,上櫃,油電燃氣業
8916,光隆,上櫃,其他業
8917,欣泰,上櫃,油電燃氣業
8921,沈氏,上櫃,其他業
8923,時報,上櫃,文化創意業
8924,大田,上櫃,運動休閒
8927,北基,上櫃,油電燃氣業
8928,鉅明,上櫃,運動休閒
8929,富堡,上櫃,其他業
8930,青鋼,上櫃,鋼鐵工業
8931,大汽電,上櫃,油電燃氣業
8932,智通,上櫃,其他業
8933,愛地雅,上櫃,運動休閒
8935,邦泰,上櫃,其他業
8936,國統,上櫃,其他業
8937,合騏,上櫃,其他業
8938,明安,上櫃,運動休閒
8941,關中,上櫃,居家生活
8942,森鉅,上櫃,其他業
9949,琉園,上櫃,文化創意業
9950,萬國通,上櫃,塑膠工業
9951,皇田,上櫃,電機機械
9960,邁達康,上櫃,運動休閒
9962,有益,上櫃,鋼鐵工業
